"","rok","csfd","zeme"
"1",1911,0,"AT"
"2",1912,0,"AT"
"3",1913,0,"AT"
"4",1914,0,"AT"
"5",1915,0,"AT"
"6",1916,0,"AT"
"7",1917,0,"AT"
"8",1918,0,"AT"
"9",1919,0,"AT"
"10",1920,0,"AT"
"11",1921,0,"AT"
"12",1922,1,"AT"
"13",1923,0,"AT"
"14",1924,1,"AT"
"15",1925,0,"AT"
"16",1926,0,"AT"
"17",1927,2,"AT"
"18",1928,0,"AT"
"19",1929,0,"AT"
"20",1930,0,"AT"
"21",1931,0,"AT"
"22",1932,0,"AT"
"23",1933,1,"AT"
"24",1934,0,"AT"
"25",1935,0,"AT"
"26",1936,0,"AT"
"27",1937,0,"AT"
"28",1938,0,"AT"
"29",1939,0,"AT"
"30",1940,0,"AT"
"31",1941,0,"AT"
"32",1942,0,"AT"
"33",1943,0,"AT"
"34",1944,0,"AT"
"35",1945,0,"AT"
"36",1946,0,"AT"
"37",1947,0,"AT"
"38",1948,0,"AT"
"39",1949,0,"AT"
"40",1950,0,"AT"
"41",1951,0,"AT"
"42",1952,0,"AT"
"43",1953,0,"AT"
"44",1954,1,"AT"
"45",1955,2,"AT"
"46",1956,1,"AT"
"47",1957,1,"AT"
"48",1958,0,"AT"
"49",1959,0,"AT"
"50",1960,1,"AT"
"51",1961,0,"AT"
"52",1962,0,"AT"
"53",1963,0,"AT"
"54",1964,0,"AT"
"55",1965,0,"AT"
"56",1966,1,"AT"
"57",1967,0,"AT"
"58",1968,0,"AT"
"59",1969,0,"AT"
"60",1970,1,"AT"
"61",1971,0,"AT"
"62",1972,0,"AT"
"63",1973,0,"AT"
"64",1974,0,"AT"
"65",1975,0,"AT"
"66",1976,0,"AT"
"67",1977,0,"AT"
"68",1978,2,"AT"
"69",1979,1,"AT"
"70",1980,1,"AT"
"71",1981,1,"AT"
"72",1982,1,"AT"
"73",1983,2,"AT"
"74",1984,0,"AT"
"75",1985,1,"AT"
"76",1986,1,"AT"
"77",1987,0,"AT"
"78",1988,2,"AT"
"79",1989,1,"AT"
"80",1990,1,"AT"
"81",1991,0,"AT"
"82",1992,3,"AT"
"83",1993,2,"AT"
"84",1994,2,"AT"
"85",1995,2,"AT"
"86",1996,1,"AT"
"87",1997,3,"AT"
"88",1998,2,"AT"
"89",1999,3,"AT"
"90",2000,0,"AT"
"91",2001,3,"AT"
"92",2002,1,"AT"
"93",2003,3,"AT"
"94",2004,3,"AT"
"95",2005,4,"AT"
"96",2006,6,"AT"
"97",2007,4,"AT"
"98",2008,8,"AT"
"99",2009,6,"AT"
"100",2010,7,"AT"
"101",2011,6,"AT"
"102",2012,7,"AT"
"103",1911,0,"CN"
"104",1912,0,"CN"
"105",1913,0,"CN"
"106",1914,0,"CN"
"107",1915,0,"CN"
"108",1916,0,"CN"
"109",1917,0,"CN"
"110",1918,0,"CN"
"111",1919,0,"CN"
"112",1920,0,"CN"
"113",1921,0,"CN"
"114",1922,0,"CN"
"115",1923,0,"CN"
"116",1924,0,"CN"
"117",1925,0,"CN"
"118",1926,0,"CN"
"119",1927,0,"CN"
"120",1928,0,"CN"
"121",1929,0,"CN"
"122",1930,0,"CN"
"123",1931,0,"CN"
"124",1932,0,"CN"
"125",1933,0,"CN"
"126",1934,0,"CN"
"127",1935,0,"CN"
"128",1936,0,"CN"
"129",1937,0,"CN"
"130",1938,0,"CN"
"131",1939,0,"CN"
"132",1940,0,"CN"
"133",1941,0,"CN"
"134",1942,0,"CN"
"135",1943,0,"CN"
"136",1944,0,"CN"
"137",1945,0,"CN"
"138",1946,0,"CN"
"139",1947,0,"CN"
"140",1948,0,"CN"
"141",1949,0,"CN"
"142",1950,0,"CN"
"143",1951,0,"CN"
"144",1952,0,"CN"
"145",1953,0,"CN"
"146",1954,0,"CN"
"147",1955,0,"CN"
"148",1956,0,"CN"
"149",1957,0,"CN"
"150",1958,0,"CN"
"151",1959,0,"CN"
"152",1960,0,"CN"
"153",1961,0,"CN"
"154",1962,0,"CN"
"155",1963,0,"CN"
"156",1964,0,"CN"
"157",1965,0,"CN"
"158",1966,0,"CN"
"159",1967,0,"CN"
"160",1968,0,"CN"
"161",1969,0,"CN"
"162",1970,0,"CN"
"163",1971,0,"CN"
"164",1972,0,"CN"
"165",1973,0,"CN"
"166",1974,0,"CN"
"167",1975,0,"CN"
"168",1976,0,"CN"
"169",1977,0,"CN"
"170",1978,0,"CN"
"171",1979,0,"CN"
"172",1980,1,"CN"
"173",1981,0,"CN"
"174",1982,0,"CN"
"175",1983,3,"CN"
"176",1984,2,"CN"
"177",1985,2,"CN"
"178",1986,5,"CN"
"179",1987,1,"CN"
"180",1988,3,"CN"
"181",1989,0,"CN"
"182",1990,1,"CN"
"183",1991,1,"CN"
"184",1992,1,"CN"
"185",1993,4,"CN"
"186",1994,4,"CN"
"187",1995,1,"CN"
"188",1996,2,"CN"
"189",1997,1,"CN"
"190",1998,1,"CN"
"191",1999,4,"CN"
"192",2000,4,"CN"
"193",2001,5,"CN"
"194",2002,4,"CN"
"195",2003,4,"CN"
"196",2004,13,"CN"
"197",2005,7,"CN"
"198",2006,7,"CN"
"199",2007,8,"CN"
"200",2008,4,"CN"
"201",2009,7,"CN"
"202",2010,7,"CN"
"203",2011,5,"CN"
"204",2012,8,"CN"
"205",1911,0,"CS"
"206",1912,0,"CS"
"207",1913,0,"CS"
"208",1914,0,"CS"
"209",1915,0,"CS"
"210",1916,0,"CS"
"211",1917,0,"CS"
"212",1918,0,"CS"
"213",1919,0,"CS"
"214",1920,0,"CS"
"215",1921,3,"CS"
"216",1922,0,"CS"
"217",1923,1,"CS"
"218",1924,0,"CS"
"219",1925,1,"CS"
"220",1926,3,"CS"
"221",1927,3,"CS"
"222",1928,2,"CS"
"223",1929,6,"CS"
"224",1930,7,"CS"
"225",1931,16,"CS"
"226",1932,19,"CS"
"227",1933,30,"CS"
"228",1934,24,"CS"
"229",1935,19,"CS"
"230",1936,24,"CS"
"231",1937,40,"CS"
"232",1938,34,"CS"
"233",1939,35,"CS"
"234",1940,29,"CS"
"235",1941,20,"CS"
"236",1942,11,"CS"
"237",1943,7,"CS"
"238",1944,10,"CS"
"239",1945,3,"CS"
"240",1946,14,"CS"
"241",1947,21,"CS"
"242",1948,21,"CS"
"243",1949,18,"CS"
"244",1950,21,"CS"
"245",1951,8,"CS"
"246",1952,21,"CS"
"247",1953,17,"CS"
"248",1954,13,"CS"
"249",1955,22,"CS"
"250",1956,25,"CS"
"251",1957,18,"CS"
"252",1958,26,"CS"
"253",1959,34,"CS"
"254",1960,27,"CS"
"255",1961,35,"CS"
"256",1962,35,"CS"
"257",1963,33,"CS"
"258",1964,36,"CS"
"259",1965,37,"CS"
"260",1966,37,"CS"
"261",1967,39,"CS"
"262",1968,41,"CS"
"263",1969,37,"CS"
"264",1970,39,"CS"
"265",1971,35,"CS"
"266",1972,35,"CS"
"267",1973,38,"CS"
"268",1974,36,"CS"
"269",1975,38,"CS"
"270",1976,38,"CS"
"271",1977,46,"CS"
"272",1978,45,"CS"
"273",1979,47,"CS"
"274",1980,45,"CS"
"275",1981,45,"CS"
"276",1982,43,"CS"
"277",1983,37,"CS"
"278",1984,49,"CS"
"279",1985,36,"CS"
"280",1986,35,"CS"
"281",1987,34,"CS"
"282",1988,25,"CS"
"283",1989,23,"CS"
"284",1990,28,"CS"
"285",1991,8,"CS"
"286",1992,8,"CS"
"287",1993,0,"CS"
"288",1994,0,"CS"
"289",1995,0,"CS"
"290",1996,0,"CS"
"291",1997,0,"CS"
"292",1998,0,"CS"
"293",1999,0,"CS"
"294",2000,0,"CS"
"295",2001,0,"CS"
"296",2002,0,"CS"
"297",2003,0,"CS"
"298",2004,0,"CS"
"299",2005,0,"CS"
"300",2006,0,"CS"
"301",2007,0,"CS"
"302",2008,0,"CS"
"303",2009,0,"CS"
"304",2010,0,"CS"
"305",2011,0,"CS"
"306",2012,0,"CS"
"307",1911,0,"CZ"
"308",1912,0,"CZ"
"309",1913,0,"CZ"
"310",1914,0,"CZ"
"311",1915,0,"CZ"
"312",1916,0,"CZ"
"313",1917,0,"CZ"
"314",1918,0,"CZ"
"315",1919,0,"CZ"
"316",1920,0,"CZ"
"317",1921,0,"CZ"
"318",1922,0,"CZ"
"319",1923,0,"CZ"
"320",1924,0,"CZ"
"321",1925,0,"CZ"
"322",1926,0,"CZ"
"323",1927,0,"CZ"
"324",1928,0,"CZ"
"325",1929,0,"CZ"
"326",1930,0,"CZ"
"327",1931,0,"CZ"
"328",1932,0,"CZ"
"329",1933,0,"CZ"
"330",1934,0,"CZ"
"331",1935,0,"CZ"
"332",1936,0,"CZ"
"333",1937,0,"CZ"
"334",1938,0,"CZ"
"335",1939,0,"CZ"
"336",1940,0,"CZ"
"337",1941,0,"CZ"
"338",1942,0,"CZ"
"339",1943,0,"CZ"
"340",1944,0,"CZ"
"341",1945,0,"CZ"
"342",1946,0,"CZ"
"343",1947,0,"CZ"
"344",1948,0,"CZ"
"345",1949,0,"CZ"
"346",1950,0,"CZ"
"347",1951,0,"CZ"
"348",1952,0,"CZ"
"349",1953,0,"CZ"
"350",1954,0,"CZ"
"351",1955,0,"CZ"
"352",1956,0,"CZ"
"353",1957,0,"CZ"
"354",1958,0,"CZ"
"355",1959,0,"CZ"
"356",1960,0,"CZ"
"357",1961,0,"CZ"
"358",1962,0,"CZ"
"359",1963,0,"CZ"
"360",1964,0,"CZ"
"361",1965,0,"CZ"
"362",1966,0,"CZ"
"363",1967,0,"CZ"
"364",1968,0,"CZ"
"365",1969,0,"CZ"
"366",1970,0,"CZ"
"367",1971,0,"CZ"
"368",1972,0,"CZ"
"369",1973,0,"CZ"
"370",1974,0,"CZ"
"371",1975,0,"CZ"
"372",1976,0,"CZ"
"373",1977,0,"CZ"
"374",1978,0,"CZ"
"375",1979,0,"CZ"
"376",1980,0,"CZ"
"377",1981,0,"CZ"
"378",1982,0,"CZ"
"379",1983,0,"CZ"
"380",1984,0,"CZ"
"381",1985,0,"CZ"
"382",1986,0,"CZ"
"383",1987,0,"CZ"
"384",1988,0,"CZ"
"385",1989,0,"CZ"
"386",1990,0,"CZ"
"387",1991,0,"CZ"
"388",1992,0,"CZ"
"389",1993,12,"CZ"
"390",1994,14,"CZ"
"391",1995,6,"CZ"
"392",1996,13,"CZ"
"393",1997,9,"CZ"
"394",1998,6,"CZ"
"395",1999,12,"CZ"
"396",2000,10,"CZ"
"397",2001,12,"CZ"
"398",2002,9,"CZ"
"399",2003,10,"CZ"
"400",2004,6,"CZ"
"401",2005,14,"CZ"
"402",2006,9,"CZ"
"403",2007,10,"CZ"
"404",2008,6,"CZ"
"405",2009,11,"CZ"
"406",2010,11,"CZ"
"407",2011,16,"CZ"
"408",2012,20,"CZ"
"409",1911,0,"DE"
"410",1912,0,"DE"
"411",1913,1,"DE"
"412",1914,0,"DE"
"413",1915,1,"DE"
"414",1916,0,"DE"
"415",1917,0,"DE"
"416",1918,0,"DE"
"417",1919,2,"DE"
"418",1920,4,"DE"
"419",1921,3,"DE"
"420",1922,4,"DE"
"421",1923,2,"DE"
"422",1924,6,"DE"
"423",1925,3,"DE"
"424",1926,4,"DE"
"425",1927,3,"DE"
"426",1928,2,"DE"
"427",1929,5,"DE"
"428",1930,4,"DE"
"429",1931,6,"DE"
"430",1932,2,"DE"
"431",1933,4,"DE"
"432",1934,0,"DE"
"433",1935,2,"DE"
"434",1936,0,"DE"
"435",1937,0,"DE"
"436",1938,3,"DE"
"437",1939,0,"DE"
"438",1940,2,"DE"
"439",1941,0,"DE"
"440",1942,1,"DE"
"441",1943,3,"DE"
"442",1944,3,"DE"
"443",1945,0,"DE"
"444",1946,1,"DE"
"445",1947,0,"DE"
"446",1948,0,"DE"
"447",1949,0,"DE"
"448",1950,0,"DE"
"449",1951,0,"DE"
"450",1952,0,"DE"
"451",1953,0,"DE"
"452",1954,0,"DE"
"453",1955,0,"DE"
"454",1956,0,"DE"
"455",1957,0,"DE"
"456",1958,0,"DE"
"457",1959,0,"DE"
"458",1960,0,"DE"
"459",1961,0,"DE"
"460",1962,0,"DE"
"461",1963,0,"DE"
"462",1964,0,"DE"
"463",1965,0,"DE"
"464",1966,0,"DE"
"465",1967,0,"DE"
"466",1968,0,"DE"
"467",1969,0,"DE"
"468",1970,0,"DE"
"469",1971,0,"DE"
"470",1972,0,"DE"
"471",1973,0,"DE"
"472",1974,0,"DE"
"473",1975,0,"DE"
"474",1976,0,"DE"
"475",1977,0,"DE"
"476",1978,0,"DE"
"477",1979,0,"DE"
"478",1980,0,"DE"
"479",1981,0,"DE"
"480",1982,0,"DE"
"481",1983,0,"DE"
"482",1984,1,"DE"
"483",1985,0,"DE"
"484",1986,1,"DE"
"485",1987,0,"DE"
"486",1988,0,"DE"
"487",1989,0,"DE"
"488",1990,10,"DE"
"489",1991,13,"DE"
"490",1992,7,"DE"
"491",1993,14,"DE"
"492",1994,27,"DE"
"493",1995,28,"DE"
"494",1996,14,"DE"
"495",1997,26,"DE"
"496",1998,21,"DE"
"497",1999,30,"DE"
"498",2000,35,"DE"
"499",2001,49,"DE"
"500",2002,45,"DE"
"501",2003,24,"DE"
"502",2004,34,"DE"
"503",2005,39,"DE"
"504",2006,32,"DE"
"505",2007,26,"DE"
"506",2008,37,"DE"
"507",2009,37,"DE"
"508",2010,35,"DE"
"509",2011,32,"DE"
"510",2012,23,"DE"
"511",1911,0,"DN"
"512",1912,0,"DN"
"513",1913,0,"DN"
"514",1914,0,"DN"
"515",1915,0,"DN"
"516",1916,0,"DN"
"517",1917,0,"DN"
"518",1918,0,"DN"
"519",1919,0,"DN"
"520",1920,0,"DN"
"521",1921,1,"DN"
"522",1922,1,"DN"
"523",1923,0,"DN"
"524",1924,0,"DN"
"525",1925,1,"DN"
"526",1926,0,"DN"
"527",1927,0,"DN"
"528",1928,0,"DN"
"529",1929,0,"DN"
"530",1930,0,"DN"
"531",1931,0,"DN"
"532",1932,0,"DN"
"533",1933,0,"DN"
"534",1934,0,"DN"
"535",1935,0,"DN"
"536",1936,0,"DN"
"537",1937,0,"DN"
"538",1938,0,"DN"
"539",1939,0,"DN"
"540",1940,0,"DN"
"541",1941,0,"DN"
"542",1942,0,"DN"
"543",1943,1,"DN"
"544",1944,0,"DN"
"545",1945,0,"DN"
"546",1946,0,"DN"
"547",1947,0,"DN"
"548",1948,0,"DN"
"549",1949,0,"DN"
"550",1950,0,"DN"
"551",1951,0,"DN"
"552",1952,0,"DN"
"553",1953,0,"DN"
"554",1954,0,"DN"
"555",1955,1,"DN"
"556",1956,0,"DN"
"557",1957,0,"DN"
"558",1958,0,"DN"
"559",1959,0,"DN"
"560",1960,0,"DN"
"561",1961,1,"DN"
"562",1962,0,"DN"
"563",1963,0,"DN"
"564",1964,1,"DN"
"565",1965,0,"DN"
"566",1966,1,"DN"
"567",1967,0,"DN"
"568",1968,0,"DN"
"569",1969,0,"DN"
"570",1970,1,"DN"
"571",1971,0,"DN"
"572",1972,0,"DN"
"573",1973,1,"DN"
"574",1974,0,"DN"
"575",1975,0,"DN"
"576",1976,0,"DN"
"577",1977,0,"DN"
"578",1978,1,"DN"
"579",1979,0,"DN"
"580",1980,0,"DN"
"581",1981,0,"DN"
"582",1982,0,"DN"
"583",1983,0,"DN"
"584",1984,2,"DN"
"585",1985,0,"DN"
"586",1986,2,"DN"
"587",1987,3,"DN"
"588",1988,2,"DN"
"589",1989,0,"DN"
"590",1990,0,"DN"
"591",1991,3,"DN"
"592",1992,1,"DN"
"593",1993,2,"DN"
"594",1994,3,"DN"
"595",1995,6,"DN"
"596",1996,5,"DN"
"597",1997,2,"DN"
"598",1998,6,"DN"
"599",1999,6,"DN"
"600",2000,11,"DN"
"601",2001,9,"DN"
"602",2002,9,"DN"
"603",2003,12,"DN"
"604",2004,10,"DN"
"605",2005,13,"DN"
"606",2006,11,"DN"
"607",2007,4,"DN"
"608",2008,9,"DN"
"609",2009,10,"DN"
"610",2010,8,"DN"
"611",2011,9,"DN"
"612",2012,12,"DN"
"613",1911,0,"DV"
"614",1912,0,"DV"
"615",1913,0,"DV"
"616",1914,0,"DV"
"617",1915,0,"DV"
"618",1916,0,"DV"
"619",1917,0,"DV"
"620",1918,0,"DV"
"621",1919,0,"DV"
"622",1920,0,"DV"
"623",1921,0,"DV"
"624",1922,0,"DV"
"625",1923,0,"DV"
"626",1924,0,"DV"
"627",1925,0,"DV"
"628",1926,0,"DV"
"629",1927,0,"DV"
"630",1928,0,"DV"
"631",1929,0,"DV"
"632",1930,0,"DV"
"633",1931,0,"DV"
"634",1932,0,"DV"
"635",1933,0,"DV"
"636",1934,0,"DV"
"637",1935,0,"DV"
"638",1936,0,"DV"
"639",1937,0,"DV"
"640",1938,0,"DV"
"641",1939,0,"DV"
"642",1940,0,"DV"
"643",1941,0,"DV"
"644",1942,0,"DV"
"645",1943,0,"DV"
"646",1944,0,"DV"
"647",1945,0,"DV"
"648",1946,0,"DV"
"649",1947,0,"DV"
"650",1948,0,"DV"
"651",1949,0,"DV"
"652",1950,0,"DV"
"653",1951,0,"DV"
"654",1952,0,"DV"
"655",1953,1,"DV"
"656",1954,0,"DV"
"657",1955,0,"DV"
"658",1956,0,"DV"
"659",1957,2,"DV"
"660",1958,1,"DV"
"661",1959,0,"DV"
"662",1960,1,"DV"
"663",1961,1,"DV"
"664",1962,1,"DV"
"665",1963,1,"DV"
"666",1964,0,"DV"
"667",1965,1,"DV"
"668",1966,1,"DV"
"669",1967,1,"DV"
"670",1968,1,"DV"
"671",1969,1,"DV"
"672",1970,1,"DV"
"673",1971,4,"DV"
"674",1972,4,"DV"
"675",1973,4,"DV"
"676",1974,4,"DV"
"677",1975,2,"DV"
"678",1976,1,"DV"
"679",1977,2,"DV"
"680",1978,3,"DV"
"681",1979,1,"DV"
"682",1980,0,"DV"
"683",1981,3,"DV"
"684",1982,1,"DV"
"685",1983,2,"DV"
"686",1984,1,"DV"
"687",1985,2,"DV"
"688",1986,0,"DV"
"689",1987,1,"DV"
"690",1988,1,"DV"
"691",1989,2,"DV"
"692",1990,0,"DV"
"693",1991,0,"DV"
"694",1992,0,"DV"
"695",1993,0,"DV"
"696",1994,0,"DV"
"697",1995,0,"DV"
"698",1996,0,"DV"
"699",1997,0,"DV"
"700",1998,0,"DV"
"701",1999,0,"DV"
"702",2000,0,"DV"
"703",2001,0,"DV"
"704",2002,0,"DV"
"705",2003,0,"DV"
"706",2004,0,"DV"
"707",2005,0,"DV"
"708",2006,0,"DV"
"709",2007,0,"DV"
"710",2008,0,"DV"
"711",2009,0,"DV"
"712",2010,0,"DV"
"713",2011,0,"DV"
"714",2012,0,"DV"
"715",1911,0,"DZ"
"716",1912,0,"DZ"
"717",1913,0,"DZ"
"718",1914,0,"DZ"
"719",1915,0,"DZ"
"720",1916,0,"DZ"
"721",1917,0,"DZ"
"722",1918,0,"DZ"
"723",1919,0,"DZ"
"724",1920,0,"DZ"
"725",1921,0,"DZ"
"726",1922,0,"DZ"
"727",1923,0,"DZ"
"728",1924,0,"DZ"
"729",1925,0,"DZ"
"730",1926,0,"DZ"
"731",1927,0,"DZ"
"732",1928,0,"DZ"
"733",1929,0,"DZ"
"734",1930,0,"DZ"
"735",1931,0,"DZ"
"736",1932,0,"DZ"
"737",1933,0,"DZ"
"738",1934,0,"DZ"
"739",1935,0,"DZ"
"740",1936,0,"DZ"
"741",1937,0,"DZ"
"742",1938,0,"DZ"
"743",1939,0,"DZ"
"744",1940,0,"DZ"
"745",1941,0,"DZ"
"746",1942,0,"DZ"
"747",1943,0,"DZ"
"748",1944,0,"DZ"
"749",1945,0,"DZ"
"750",1946,0,"DZ"
"751",1947,0,"DZ"
"752",1948,0,"DZ"
"753",1949,0,"DZ"
"754",1950,1,"DZ"
"755",1951,0,"DZ"
"756",1952,0,"DZ"
"757",1953,1,"DZ"
"758",1954,3,"DZ"
"759",1955,4,"DZ"
"760",1956,2,"DZ"
"761",1957,6,"DZ"
"762",1958,6,"DZ"
"763",1959,6,"DZ"
"764",1960,3,"DZ"
"765",1961,3,"DZ"
"766",1962,8,"DZ"
"767",1963,8,"DZ"
"768",1964,13,"DZ"
"769",1965,19,"DZ"
"770",1966,15,"DZ"
"771",1967,9,"DZ"
"772",1968,18,"DZ"
"773",1969,17,"DZ"
"774",1970,19,"DZ"
"775",1971,15,"DZ"
"776",1972,24,"DZ"
"777",1973,6,"DZ"
"778",1974,19,"DZ"
"779",1975,15,"DZ"
"780",1976,23,"DZ"
"781",1977,16,"DZ"
"782",1978,18,"DZ"
"783",1979,19,"DZ"
"784",1980,13,"DZ"
"785",1981,19,"DZ"
"786",1982,16,"DZ"
"787",1983,11,"DZ"
"788",1984,14,"DZ"
"789",1985,10,"DZ"
"790",1986,11,"DZ"
"791",1987,13,"DZ"
"792",1988,13,"DZ"
"793",1989,8,"DZ"
"794",1990,3,"DZ"
"795",1991,0,"DZ"
"796",1992,0,"DZ"
"797",1993,0,"DZ"
"798",1994,0,"DZ"
"799",1995,0,"DZ"
"800",1996,0,"DZ"
"801",1997,0,"DZ"
"802",1998,0,"DZ"
"803",1999,0,"DZ"
"804",2000,0,"DZ"
"805",2001,0,"DZ"
"806",2002,0,"DZ"
"807",2003,0,"DZ"
"808",2004,0,"DZ"
"809",2005,0,"DZ"
"810",2006,0,"DZ"
"811",2007,0,"DZ"
"812",2008,0,"DZ"
"813",2009,0,"DZ"
"814",2010,0,"DZ"
"815",2011,0,"DZ"
"816",2012,0,"DZ"
"817",1911,0,"FR"
"818",1912,0,"FR"
"819",1913,2,"FR"
"820",1914,1,"FR"
"821",1915,1,"FR"
"822",1916,0,"FR"
"823",1917,0,"FR"
"824",1918,0,"FR"
"825",1919,0,"FR"
"826",1920,0,"FR"
"827",1921,1,"FR"
"828",1922,1,"FR"
"829",1923,1,"FR"
"830",1924,0,"FR"
"831",1925,1,"FR"
"832",1926,1,"FR"
"833",1927,1,"FR"
"834",1928,3,"FR"
"835",1929,0,"FR"
"836",1930,2,"FR"
"837",1931,3,"FR"
"838",1932,3,"FR"
"839",1933,0,"FR"
"840",1934,2,"FR"
"841",1935,1,"FR"
"842",1936,4,"FR"
"843",1937,2,"FR"
"844",1938,4,"FR"
"845",1939,2,"FR"
"846",1940,0,"FR"
"847",1941,0,"FR"
"848",1942,1,"FR"
"849",1943,3,"FR"
"850",1944,0,"FR"
"851",1945,2,"FR"
"852",1946,7,"FR"
"853",1947,5,"FR"
"854",1948,2,"FR"
"855",1949,3,"FR"
"856",1950,7,"FR"
"857",1951,9,"FR"
"858",1952,12,"FR"
"859",1953,13,"FR"
"860",1954,12,"FR"
"861",1955,14,"FR"
"862",1956,20,"FR"
"863",1957,10,"FR"
"864",1958,20,"FR"
"865",1959,28,"FR"
"866",1960,25,"FR"
"867",1961,27,"FR"
"868",1962,28,"FR"
"869",1963,32,"FR"
"870",1964,40,"FR"
"871",1965,32,"FR"
"872",1966,35,"FR"
"873",1967,33,"FR"
"874",1968,40,"FR"
"875",1969,42,"FR"
"876",1970,27,"FR"
"877",1971,42,"FR"
"878",1972,41,"FR"
"879",1973,47,"FR"
"880",1974,42,"FR"
"881",1975,39,"FR"
"882",1976,41,"FR"
"883",1977,24,"FR"
"884",1978,30,"FR"
"885",1979,32,"FR"
"886",1980,33,"FR"
"887",1981,36,"FR"
"888",1982,24,"FR"
"889",1983,36,"FR"
"890",1984,30,"FR"
"891",1985,22,"FR"
"892",1986,28,"FR"
"893",1987,20,"FR"
"894",1988,23,"FR"
"895",1989,19,"FR"
"896",1990,33,"FR"
"897",1991,38,"FR"
"898",1992,33,"FR"
"899",1993,43,"FR"
"900",1994,42,"FR"
"901",1995,45,"FR"
"902",1996,50,"FR"
"903",1997,43,"FR"
"904",1998,52,"FR"
"905",1999,43,"FR"
"906",2000,52,"FR"
"907",2001,48,"FR"
"908",2002,57,"FR"
"909",2003,35,"FR"
"910",2004,37,"FR"
"911",2005,33,"FR"
"912",2006,26,"FR"
"913",2007,31,"FR"
"914",2008,42,"FR"
"915",2009,40,"FR"
"916",2010,37,"FR"
"917",2011,50,"FR"
"918",2012,37,"FR"
"919",1911,0,"IN"
"920",1912,0,"IN"
"921",1913,0,"IN"
"922",1914,0,"IN"
"923",1915,0,"IN"
"924",1916,0,"IN"
"925",1917,0,"IN"
"926",1918,0,"IN"
"927",1919,0,"IN"
"928",1920,0,"IN"
"929",1921,0,"IN"
"930",1922,0,"IN"
"931",1923,0,"IN"
"932",1924,0,"IN"
"933",1925,0,"IN"
"934",1926,0,"IN"
"935",1927,0,"IN"
"936",1928,0,"IN"
"937",1929,0,"IN"
"938",1930,0,"IN"
"939",1931,0,"IN"
"940",1932,0,"IN"
"941",1933,0,"IN"
"942",1934,0,"IN"
"943",1935,0,"IN"
"944",1936,0,"IN"
"945",1937,0,"IN"
"946",1938,0,"IN"
"947",1939,0,"IN"
"948",1940,0,"IN"
"949",1941,0,"IN"
"950",1942,0,"IN"
"951",1943,0,"IN"
"952",1944,0,"IN"
"953",1945,0,"IN"
"954",1946,0,"IN"
"955",1947,0,"IN"
"956",1948,0,"IN"
"957",1949,0,"IN"
"958",1950,0,"IN"
"959",1951,1,"IN"
"960",1952,0,"IN"
"961",1953,0,"IN"
"962",1954,0,"IN"
"963",1955,1,"IN"
"964",1956,1,"IN"
"965",1957,1,"IN"
"966",1958,1,"IN"
"967",1959,1,"IN"
"968",1960,0,"IN"
"969",1961,0,"IN"
"970",1962,0,"IN"
"971",1963,0,"IN"
"972",1964,1,"IN"
"973",1965,0,"IN"
"974",1966,0,"IN"
"975",1967,0,"IN"
"976",1968,0,"IN"
"977",1969,0,"IN"
"978",1970,1,"IN"
"979",1971,0,"IN"
"980",1972,0,"IN"
"981",1973,0,"IN"
"982",1974,0,"IN"
"983",1975,1,"IN"
"984",1976,0,"IN"
"985",1977,0,"IN"
"986",1978,0,"IN"
"987",1979,0,"IN"
"988",1980,1,"IN"
"989",1981,1,"IN"
"990",1982,1,"IN"
"991",1983,2,"IN"
"992",1984,0,"IN"
"993",1985,0,"IN"
"994",1986,0,"IN"
"995",1987,0,"IN"
"996",1988,1,"IN"
"997",1989,0,"IN"
"998",1990,0,"IN"
"999",1991,0,"IN"
"1000",1992,1,"IN"
"1001",1993,1,"IN"
"1002",1994,1,"IN"
"1003",1995,1,"IN"
"1004",1996,2,"IN"
"1005",1997,1,"IN"
"1006",1998,4,"IN"
"1007",1999,2,"IN"
"1008",2000,3,"IN"
"1009",2001,7,"IN"
"1010",2002,2,"IN"
"1011",2003,7,"IN"
"1012",2004,3,"IN"
"1013",2005,6,"IN"
"1014",2006,7,"IN"
"1015",2007,7,"IN"
"1016",2008,2,"IN"
"1017",2009,2,"IN"
"1018",2010,6,"IN"
"1019",2011,5,"IN"
"1020",2012,6,"IN"
"1021",1911,1,"IT"
"1022",1912,0,"IT"
"1023",1913,0,"IT"
"1024",1914,1,"IT"
"1025",1915,0,"IT"
"1026",1916,0,"IT"
"1027",1917,0,"IT"
"1028",1918,0,"IT"
"1029",1919,0,"IT"
"1030",1920,0,"IT"
"1031",1921,0,"IT"
"1032",1922,0,"IT"
"1033",1923,0,"IT"
"1034",1924,0,"IT"
"1035",1925,0,"IT"
"1036",1926,0,"IT"
"1037",1927,1,"IT"
"1038",1928,0,"IT"
"1039",1929,0,"IT"
"1040",1930,0,"IT"
"1041",1931,0,"IT"
"1042",1932,0,"IT"
"1043",1933,0,"IT"
"1044",1934,0,"IT"
"1045",1935,0,"IT"
"1046",1936,0,"IT"
"1047",1937,0,"IT"
"1048",1938,0,"IT"
"1049",1939,0,"IT"
"1050",1940,0,"IT"
"1051",1941,0,"IT"
"1052",1942,0,"IT"
"1053",1943,1,"IT"
"1054",1944,0,"IT"
"1055",1945,1,"IT"
"1056",1946,2,"IT"
"1057",1947,0,"IT"
"1058",1948,6,"IT"
"1059",1949,1,"IT"
"1060",1950,6,"IT"
"1061",1951,7,"IT"
"1062",1952,10,"IT"
"1063",1953,13,"IT"
"1064",1954,17,"IT"
"1065",1955,9,"IT"
"1066",1956,12,"IT"
"1067",1957,8,"IT"
"1068",1958,11,"IT"
"1069",1959,18,"IT"
"1070",1960,23,"IT"
"1071",1961,32,"IT"
"1072",1962,29,"IT"
"1073",1963,34,"IT"
"1074",1964,38,"IT"
"1075",1965,31,"IT"
"1076",1966,34,"IT"
"1077",1967,34,"IT"
"1078",1968,52,"IT"
"1079",1969,55,"IT"
"1080",1970,46,"IT"
"1081",1971,51,"IT"
"1082",1972,56,"IT"
"1083",1973,51,"IT"
"1084",1974,46,"IT"
"1085",1975,39,"IT"
"1086",1976,34,"IT"
"1087",1977,35,"IT"
"1088",1978,28,"IT"
"1089",1979,22,"IT"
"1090",1980,36,"IT"
"1091",1981,25,"IT"
"1092",1982,24,"IT"
"1093",1983,20,"IT"
"1094",1984,18,"IT"
"1095",1985,18,"IT"
"1096",1986,21,"IT"
"1097",1987,22,"IT"
"1098",1988,20,"IT"
"1099",1989,13,"IT"
"1100",1990,22,"IT"
"1101",1991,19,"IT"
"1102",1992,12,"IT"
"1103",1993,18,"IT"
"1104",1994,9,"IT"
"1105",1995,9,"IT"
"1106",1996,13,"IT"
"1107",1997,11,"IT"
"1108",1998,14,"IT"
"1109",1999,11,"IT"
"1110",2000,13,"IT"
"1111",2001,19,"IT"
"1112",2002,15,"IT"
"1113",2003,13,"IT"
"1114",2004,15,"IT"
"1115",2005,14,"IT"
"1116",2006,6,"IT"
"1117",2007,5,"IT"
"1118",2008,10,"IT"
"1119",2009,12,"IT"
"1120",2010,6,"IT"
"1121",2011,6,"IT"
"1122",2012,8,"IT"
"1123",1911,0,"JP"
"1124",1912,0,"JP"
"1125",1913,0,"JP"
"1126",1914,0,"JP"
"1127",1915,0,"JP"
"1128",1916,0,"JP"
"1129",1917,0,"JP"
"1130",1918,0,"JP"
"1131",1919,0,"JP"
"1132",1920,0,"JP"
"1133",1921,0,"JP"
"1134",1922,0,"JP"
"1135",1923,0,"JP"
"1136",1924,0,"JP"
"1137",1925,0,"JP"
"1138",1926,1,"JP"
"1139",1927,0,"JP"
"1140",1928,0,"JP"
"1141",1929,0,"JP"
"1142",1930,0,"JP"
"1143",1931,0,"JP"
"1144",1932,1,"JP"
"1145",1933,0,"JP"
"1146",1934,0,"JP"
"1147",1935,0,"JP"
"1148",1936,0,"JP"
"1149",1937,0,"JP"
"1150",1938,0,"JP"
"1151",1939,1,"JP"
"1152",1940,0,"JP"
"1153",1941,1,"JP"
"1154",1942,0,"JP"
"1155",1943,1,"JP"
"1156",1944,1,"JP"
"1157",1945,1,"JP"
"1158",1946,2,"JP"
"1159",1947,2,"JP"
"1160",1948,1,"JP"
"1161",1949,3,"JP"
"1162",1950,3,"JP"
"1163",1951,2,"JP"
"1164",1952,4,"JP"
"1165",1953,4,"JP"
"1166",1954,7,"JP"
"1167",1955,3,"JP"
"1168",1956,5,"JP"
"1169",1957,3,"JP"
"1170",1958,3,"JP"
"1171",1959,6,"JP"
"1172",1960,6,"JP"
"1173",1961,4,"JP"
"1174",1962,12,"JP"
"1175",1963,10,"JP"
"1176",1964,12,"JP"
"1177",1965,11,"JP"
"1178",1966,12,"JP"
"1179",1967,11,"JP"
"1180",1968,11,"JP"
"1181",1969,11,"JP"
"1182",1970,7,"JP"
"1183",1971,5,"JP"
"1184",1972,13,"JP"
"1185",1973,12,"JP"
"1186",1974,16,"JP"
"1187",1975,4,"JP"
"1188",1976,6,"JP"
"1189",1977,6,"JP"
"1190",1978,2,"JP"
"1191",1979,7,"JP"
"1192",1980,6,"JP"
"1193",1981,3,"JP"
"1194",1982,11,"JP"
"1195",1983,8,"JP"
"1196",1984,6,"JP"
"1197",1985,9,"JP"
"1198",1986,6,"JP"
"1199",1987,4,"JP"
"1200",1988,10,"JP"
"1201",1989,13,"JP"
"1202",1990,9,"JP"
"1203",1991,18,"JP"
"1204",1992,20,"JP"
"1205",1993,10,"JP"
"1206",1994,7,"JP"
"1207",1995,23,"JP"
"1208",1996,13,"JP"
"1209",1997,17,"JP"
"1210",1998,15,"JP"
"1211",1999,23,"JP"
"1212",2000,26,"JP"
"1213",2001,32,"JP"
"1214",2002,21,"JP"
"1215",2003,25,"JP"
"1216",2004,36,"JP"
"1217",2005,33,"JP"
"1218",2006,26,"JP"
"1219",2007,24,"JP"
"1220",2008,28,"JP"
"1221",2009,21,"JP"
"1222",2010,17,"JP"
"1223",2011,15,"JP"
"1224",2012,10,"JP"
"1225",1911,0,"MX"
"1226",1912,0,"MX"
"1227",1913,0,"MX"
"1228",1914,0,"MX"
"1229",1915,0,"MX"
"1230",1916,0,"MX"
"1231",1917,0,"MX"
"1232",1918,0,"MX"
"1233",1919,0,"MX"
"1234",1920,0,"MX"
"1235",1921,0,"MX"
"1236",1922,0,"MX"
"1237",1923,0,"MX"
"1238",1924,0,"MX"
"1239",1925,0,"MX"
"1240",1926,0,"MX"
"1241",1927,0,"MX"
"1242",1928,0,"MX"
"1243",1929,0,"MX"
"1244",1930,0,"MX"
"1245",1931,0,"MX"
"1246",1932,1,"MX"
"1247",1933,0,"MX"
"1248",1934,0,"MX"
"1249",1935,0,"MX"
"1250",1936,0,"MX"
"1251",1937,0,"MX"
"1252",1938,0,"MX"
"1253",1939,0,"MX"
"1254",1940,0,"MX"
"1255",1941,0,"MX"
"1256",1942,0,"MX"
"1257",1943,0,"MX"
"1258",1944,1,"MX"
"1259",1945,0,"MX"
"1260",1946,0,"MX"
"1261",1947,2,"MX"
"1262",1948,0,"MX"
"1263",1949,1,"MX"
"1264",1950,1,"MX"
"1265",1951,2,"MX"
"1266",1952,1,"MX"
"1267",1953,3,"MX"
"1268",1954,4,"MX"
"1269",1955,2,"MX"
"1270",1956,1,"MX"
"1271",1957,0,"MX"
"1272",1958,1,"MX"
"1273",1959,2,"MX"
"1274",1960,1,"MX"
"1275",1961,1,"MX"
"1276",1962,3,"MX"
"1277",1963,1,"MX"
"1278",1964,0,"MX"
"1279",1965,0,"MX"
"1280",1966,1,"MX"
"1281",1967,0,"MX"
"1282",1968,4,"MX"
"1283",1969,2,"MX"
"1284",1970,3,"MX"
"1285",1971,1,"MX"
"1286",1972,1,"MX"
"1287",1973,2,"MX"
"1288",1974,1,"MX"
"1289",1975,3,"MX"
"1290",1976,0,"MX"
"1291",1977,2,"MX"
"1292",1978,2,"MX"
"1293",1979,3,"MX"
"1294",1980,2,"MX"
"1295",1981,2,"MX"
"1296",1982,3,"MX"
"1297",1983,2,"MX"
"1298",1984,4,"MX"
"1299",1985,2,"MX"
"1300",1986,0,"MX"
"1301",1987,2,"MX"
"1302",1988,0,"MX"
"1303",1989,3,"MX"
"1304",1990,1,"MX"
"1305",1991,2,"MX"
"1306",1992,1,"MX"
"1307",1993,2,"MX"
"1308",1994,1,"MX"
"1309",1995,3,"MX"
"1310",1996,1,"MX"
"1311",1997,1,"MX"
"1312",1998,1,"MX"
"1313",1999,1,"MX"
"1314",2000,2,"MX"
"1315",2001,3,"MX"
"1316",2002,1,"MX"
"1317",2003,1,"MX"
"1318",2004,4,"MX"
"1319",2005,2,"MX"
"1320",2006,3,"MX"
"1321",2007,5,"MX"
"1322",2008,3,"MX"
"1323",2009,3,"MX"
"1324",2010,3,"MX"
"1325",2011,0,"MX"
"1326",2012,3,"MX"
"1327",1911,0,"PL"
"1328",1912,0,"PL"
"1329",1913,0,"PL"
"1330",1914,0,"PL"
"1331",1915,0,"PL"
"1332",1916,0,"PL"
"1333",1917,0,"PL"
"1334",1918,0,"PL"
"1335",1919,0,"PL"
"1336",1920,0,"PL"
"1337",1921,0,"PL"
"1338",1922,0,"PL"
"1339",1923,0,"PL"
"1340",1924,0,"PL"
"1341",1925,0,"PL"
"1342",1926,0,"PL"
"1343",1927,0,"PL"
"1344",1928,0,"PL"
"1345",1929,1,"PL"
"1346",1930,0,"PL"
"1347",1931,0,"PL"
"1348",1932,0,"PL"
"1349",1933,1,"PL"
"1350",1934,0,"PL"
"1351",1935,0,"PL"
"1352",1936,0,"PL"
"1353",1937,0,"PL"
"1354",1938,0,"PL"
"1355",1939,0,"PL"
"1356",1940,0,"PL"
"1357",1941,0,"PL"
"1358",1942,0,"PL"
"1359",1943,0,"PL"
"1360",1944,0,"PL"
"1361",1945,0,"PL"
"1362",1946,0,"PL"
"1363",1947,0,"PL"
"1364",1948,1,"PL"
"1365",1949,0,"PL"
"1366",1950,0,"PL"
"1367",1951,0,"PL"
"1368",1952,0,"PL"
"1369",1953,0,"PL"
"1370",1954,0,"PL"
"1371",1955,1,"PL"
"1372",1956,0,"PL"
"1373",1957,2,"PL"
"1374",1958,3,"PL"
"1375",1959,2,"PL"
"1376",1960,4,"PL"
"1377",1961,2,"PL"
"1378",1962,2,"PL"
"1379",1963,2,"PL"
"1380",1964,1,"PL"
"1381",1965,2,"PL"
"1382",1966,1,"PL"
"1383",1967,4,"PL"
"1384",1968,0,"PL"
"1385",1969,4,"PL"
"1386",1970,6,"PL"
"1387",1971,3,"PL"
"1388",1972,2,"PL"
"1389",1973,3,"PL"
"1390",1974,3,"PL"
"1391",1975,3,"PL"
"1392",1976,1,"PL"
"1393",1977,5,"PL"
"1394",1978,4,"PL"
"1395",1979,4,"PL"
"1396",1980,3,"PL"
"1397",1981,7,"PL"
"1398",1982,2,"PL"
"1399",1983,4,"PL"
"1400",1984,4,"PL"
"1401",1985,4,"PL"
"1402",1986,5,"PL"
"1403",1987,4,"PL"
"1404",1988,3,"PL"
"1405",1989,2,"PL"
"1406",1990,4,"PL"
"1407",1991,4,"PL"
"1408",1992,1,"PL"
"1409",1993,3,"PL"
"1410",1994,6,"PL"
"1411",1995,4,"PL"
"1412",1996,1,"PL"
"1413",1997,6,"PL"
"1414",1998,2,"PL"
"1415",1999,6,"PL"
"1416",2000,7,"PL"
"1417",2001,7,"PL"
"1418",2002,10,"PL"
"1419",2003,6,"PL"
"1420",2004,3,"PL"
"1421",2005,5,"PL"
"1422",2006,1,"PL"
"1423",2007,5,"PL"
"1424",2008,6,"PL"
"1425",2009,6,"PL"
"1426",2010,3,"PL"
"1427",2011,11,"PL"
"1428",2012,5,"PL"
"1429",1911,0,"RO"
"1430",1912,1,"RO"
"1431",1913,0,"RO"
"1432",1914,0,"RO"
"1433",1915,0,"RO"
"1434",1916,0,"RO"
"1435",1917,0,"RO"
"1436",1918,0,"RO"
"1437",1919,0,"RO"
"1438",1920,0,"RO"
"1439",1921,0,"RO"
"1440",1922,0,"RO"
"1441",1923,0,"RO"
"1442",1924,0,"RO"
"1443",1925,1,"RO"
"1444",1926,0,"RO"
"1445",1927,0,"RO"
"1446",1928,0,"RO"
"1447",1929,0,"RO"
"1448",1930,0,"RO"
"1449",1931,0,"RO"
"1450",1932,0,"RO"
"1451",1933,0,"RO"
"1452",1934,0,"RO"
"1453",1935,0,"RO"
"1454",1936,0,"RO"
"1455",1937,0,"RO"
"1456",1938,0,"RO"
"1457",1939,0,"RO"
"1458",1940,0,"RO"
"1459",1941,0,"RO"
"1460",1942,0,"RO"
"1461",1943,0,"RO"
"1462",1944,0,"RO"
"1463",1945,0,"RO"
"1464",1946,0,"RO"
"1465",1947,0,"RO"
"1466",1948,0,"RO"
"1467",1949,0,"RO"
"1468",1950,0,"RO"
"1469",1951,0,"RO"
"1470",1952,0,"RO"
"1471",1953,0,"RO"
"1472",1954,0,"RO"
"1473",1955,0,"RO"
"1474",1956,0,"RO"
"1475",1957,0,"RO"
"1476",1958,0,"RO"
"1477",1959,0,"RO"
"1478",1960,0,"RO"
"1479",1961,0,"RO"
"1480",1962,0,"RO"
"1481",1963,0,"RO"
"1482",1964,1,"RO"
"1483",1965,1,"RO"
"1484",1966,1,"RO"
"1485",1967,0,"RO"
"1486",1968,5,"RO"
"1487",1969,2,"RO"
"1488",1970,1,"RO"
"1489",1971,4,"RO"
"1490",1972,3,"RO"
"1491",1973,3,"RO"
"1492",1974,2,"RO"
"1493",1975,0,"RO"
"1494",1976,3,"RO"
"1495",1977,1,"RO"
"1496",1978,2,"RO"
"1497",1979,3,"RO"
"1498",1980,1,"RO"
"1499",1981,2,"RO"
"1500",1982,1,"RO"
"1501",1983,1,"RO"
"1502",1984,1,"RO"
"1503",1985,2,"RO"
"1504",1986,0,"RO"
"1505",1987,0,"RO"
"1506",1988,1,"RO"
"1507",1989,1,"RO"
"1508",1990,1,"RO"
"1509",1991,0,"RO"
"1510",1992,1,"RO"
"1511",1993,1,"RO"
"1512",1994,2,"RO"
"1513",1995,1,"RO"
"1514",1996,0,"RO"
"1515",1997,2,"RO"
"1516",1998,2,"RO"
"1517",1999,0,"RO"
"1518",2000,0,"RO"
"1519",2001,1,"RO"
"1520",2002,3,"RO"
"1521",2003,0,"RO"
"1522",2004,0,"RO"
"1523",2005,2,"RO"
"1524",2006,3,"RO"
"1525",2007,2,"RO"
"1526",2008,4,"RO"
"1527",2009,3,"RO"
"1528",2010,4,"RO"
"1529",2011,1,"RO"
"1530",2012,2,"RO"
"1531",1911,0,"RU"
"1532",1912,0,"RU"
"1533",1913,0,"RU"
"1534",1914,0,"RU"
"1535",1915,0,"RU"
"1536",1916,0,"RU"
"1537",1917,0,"RU"
"1538",1918,0,"RU"
"1539",1919,0,"RU"
"1540",1920,0,"RU"
"1541",1921,0,"RU"
"1542",1922,0,"RU"
"1543",1923,0,"RU"
"1544",1924,0,"RU"
"1545",1925,0,"RU"
"1546",1926,0,"RU"
"1547",1927,0,"RU"
"1548",1928,0,"RU"
"1549",1929,0,"RU"
"1550",1930,0,"RU"
"1551",1931,0,"RU"
"1552",1932,0,"RU"
"1553",1933,0,"RU"
"1554",1934,0,"RU"
"1555",1935,0,"RU"
"1556",1936,0,"RU"
"1557",1937,0,"RU"
"1558",1938,0,"RU"
"1559",1939,0,"RU"
"1560",1940,0,"RU"
"1561",1941,0,"RU"
"1562",1942,0,"RU"
"1563",1943,0,"RU"
"1564",1944,0,"RU"
"1565",1945,0,"RU"
"1566",1946,0,"RU"
"1567",1947,0,"RU"
"1568",1948,0,"RU"
"1569",1949,0,"RU"
"1570",1950,0,"RU"
"1571",1951,0,"RU"
"1572",1952,0,"RU"
"1573",1953,0,"RU"
"1574",1954,0,"RU"
"1575",1955,0,"RU"
"1576",1956,0,"RU"
"1577",1957,0,"RU"
"1578",1958,0,"RU"
"1579",1959,0,"RU"
"1580",1960,0,"RU"
"1581",1961,0,"RU"
"1582",1962,0,"RU"
"1583",1963,0,"RU"
"1584",1964,0,"RU"
"1585",1965,0,"RU"
"1586",1966,0,"RU"
"1587",1967,0,"RU"
"1588",1968,0,"RU"
"1589",1969,0,"RU"
"1590",1970,0,"RU"
"1591",1971,0,"RU"
"1592",1972,0,"RU"
"1593",1973,0,"RU"
"1594",1974,0,"RU"
"1595",1975,0,"RU"
"1596",1976,0,"RU"
"1597",1977,0,"RU"
"1598",1978,0,"RU"
"1599",1979,0,"RU"
"1600",1980,0,"RU"
"1601",1981,0,"RU"
"1602",1982,0,"RU"
"1603",1983,0,"RU"
"1604",1984,0,"RU"
"1605",1985,0,"RU"
"1606",1986,0,"RU"
"1607",1987,0,"RU"
"1608",1988,0,"RU"
"1609",1989,0,"RU"
"1610",1990,0,"RU"
"1611",1991,0,"RU"
"1612",1992,2,"RU"
"1613",1993,4,"RU"
"1614",1994,4,"RU"
"1615",1995,2,"RU"
"1616",1996,2,"RU"
"1617",1997,3,"RU"
"1618",1998,7,"RU"
"1619",1999,4,"RU"
"1620",2000,4,"RU"
"1621",2001,4,"RU"
"1622",2002,8,"RU"
"1623",2003,7,"RU"
"1624",2004,2,"RU"
"1625",2005,7,"RU"
"1626",2006,6,"RU"
"1627",2007,9,"RU"
"1628",2008,7,"RU"
"1629",2009,3,"RU"
"1630",2010,5,"RU"
"1631",2011,5,"RU"
"1632",2012,6,"RU"
"1633",1911,0,"SE"
"1634",1912,0,"SE"
"1635",1913,0,"SE"
"1636",1914,0,"SE"
"1637",1915,0,"SE"
"1638",1916,0,"SE"
"1639",1917,0,"SE"
"1640",1918,1,"SE"
"1641",1919,1,"SE"
"1642",1920,2,"SE"
"1643",1921,1,"SE"
"1644",1922,1,"SE"
"1645",1923,0,"SE"
"1646",1924,1,"SE"
"1647",1925,0,"SE"
"1648",1926,0,"SE"
"1649",1927,0,"SE"
"1650",1928,0,"SE"
"1651",1929,0,"SE"
"1652",1930,0,"SE"
"1653",1931,0,"SE"
"1654",1932,0,"SE"
"1655",1933,0,"SE"
"1656",1934,0,"SE"
"1657",1935,0,"SE"
"1658",1936,0,"SE"
"1659",1937,0,"SE"
"1660",1938,0,"SE"
"1661",1939,0,"SE"
"1662",1940,0,"SE"
"1663",1941,0,"SE"
"1664",1942,0,"SE"
"1665",1943,0,"SE"
"1666",1944,1,"SE"
"1667",1945,0,"SE"
"1668",1946,2,"SE"
"1669",1947,0,"SE"
"1670",1948,2,"SE"
"1671",1949,2,"SE"
"1672",1950,3,"SE"
"1673",1951,3,"SE"
"1674",1952,1,"SE"
"1675",1953,2,"SE"
"1676",1954,1,"SE"
"1677",1955,2,"SE"
"1678",1956,0,"SE"
"1679",1957,2,"SE"
"1680",1958,2,"SE"
"1681",1959,0,"SE"
"1682",1960,2,"SE"
"1683",1961,1,"SE"
"1684",1962,1,"SE"
"1685",1963,2,"SE"
"1686",1964,1,"SE"
"1687",1965,1,"SE"
"1688",1966,7,"SE"
"1689",1967,3,"SE"
"1690",1968,3,"SE"
"1691",1969,3,"SE"
"1692",1970,3,"SE"
"1693",1971,4,"SE"
"1694",1972,3,"SE"
"1695",1973,2,"SE"
"1696",1974,2,"SE"
"1697",1975,1,"SE"
"1698",1976,2,"SE"
"1699",1977,2,"SE"
"1700",1978,2,"SE"
"1701",1979,0,"SE"
"1702",1980,1,"SE"
"1703",1981,1,"SE"
"1704",1982,1,"SE"
"1705",1983,0,"SE"
"1706",1984,3,"SE"
"1707",1985,1,"SE"
"1708",1986,2,"SE"
"1709",1987,4,"SE"
"1710",1988,3,"SE"
"1711",1989,3,"SE"
"1712",1990,2,"SE"
"1713",1991,3,"SE"
"1714",1992,2,"SE"
"1715",1993,4,"SE"
"1716",1994,0,"SE"
"1717",1995,5,"SE"
"1718",1996,2,"SE"
"1719",1997,3,"SE"
"1720",1998,5,"SE"
"1721",1999,6,"SE"
"1722",2000,16,"SE"
"1723",2001,3,"SE"
"1724",2002,9,"SE"
"1725",2003,9,"SE"
"1726",2004,12,"SE"
"1727",2005,7,"SE"
"1728",2006,6,"SE"
"1729",2007,4,"SE"
"1730",2008,8,"SE"
"1731",2009,11,"SE"
"1732",2010,12,"SE"
"1733",2011,13,"SE"
"1734",2012,13,"SE"
"1735",1911,0,"SK"
"1736",1912,0,"SK"
"1737",1913,0,"SK"
"1738",1914,0,"SK"
"1739",1915,0,"SK"
"1740",1916,0,"SK"
"1741",1917,0,"SK"
"1742",1918,0,"SK"
"1743",1919,0,"SK"
"1744",1920,0,"SK"
"1745",1921,0,"SK"
"1746",1922,0,"SK"
"1747",1923,0,"SK"
"1748",1924,0,"SK"
"1749",1925,0,"SK"
"1750",1926,0,"SK"
"1751",1927,0,"SK"
"1752",1928,0,"SK"
"1753",1929,0,"SK"
"1754",1930,0,"SK"
"1755",1931,0,"SK"
"1756",1932,0,"SK"
"1757",1933,0,"SK"
"1758",1934,0,"SK"
"1759",1935,0,"SK"
"1760",1936,0,"SK"
"1761",1937,0,"SK"
"1762",1938,0,"SK"
"1763",1939,0,"SK"
"1764",1940,0,"SK"
"1765",1941,0,"SK"
"1766",1942,1,"SK"
"1767",1943,0,"SK"
"1768",1944,0,"SK"
"1769",1945,0,"SK"
"1770",1946,0,"SK"
"1771",1947,0,"SK"
"1772",1948,0,"SK"
"1773",1949,0,"SK"
"1774",1950,0,"SK"
"1775",1951,0,"SK"
"1776",1952,0,"SK"
"1777",1953,0,"SK"
"1778",1954,0,"SK"
"1779",1955,0,"SK"
"1780",1956,0,"SK"
"1781",1957,0,"SK"
"1782",1958,0,"SK"
"1783",1959,0,"SK"
"1784",1960,0,"SK"
"1785",1961,0,"SK"
"1786",1962,0,"SK"
"1787",1963,0,"SK"
"1788",1964,0,"SK"
"1789",1965,0,"SK"
"1790",1966,0,"SK"
"1791",1967,0,"SK"
"1792",1968,0,"SK"
"1793",1969,0,"SK"
"1794",1970,0,"SK"
"1795",1971,0,"SK"
"1796",1972,0,"SK"
"1797",1973,0,"SK"
"1798",1974,0,"SK"
"1799",1975,0,"SK"
"1800",1976,0,"SK"
"1801",1977,0,"SK"
"1802",1978,0,"SK"
"1803",1979,0,"SK"
"1804",1980,0,"SK"
"1805",1981,0,"SK"
"1806",1982,0,"SK"
"1807",1983,0,"SK"
"1808",1984,0,"SK"
"1809",1985,0,"SK"
"1810",1986,0,"SK"
"1811",1987,0,"SK"
"1812",1988,0,"SK"
"1813",1989,0,"SK"
"1814",1990,0,"SK"
"1815",1991,0,"SK"
"1816",1992,0,"SK"
"1817",1993,3,"SK"
"1818",1994,1,"SK"
"1819",1995,2,"SK"
"1820",1996,1,"SK"
"1821",1997,5,"SK"
"1822",1998,0,"SK"
"1823",1999,2,"SK"
"1824",2000,3,"SK"
"1825",2001,1,"SK"
"1826",2002,4,"SK"
"1827",2003,5,"SK"
"1828",2004,5,"SK"
"1829",2005,4,"SK"
"1830",2006,2,"SK"
"1831",2007,2,"SK"
"1832",2008,4,"SK"
"1833",2009,5,"SK"
"1834",2010,3,"SK"
"1835",2011,2,"SK"
"1836",2012,5,"SK"
"1837",1911,0,"SS"
"1838",1912,0,"SS"
"1839",1913,0,"SS"
"1840",1914,0,"SS"
"1841",1915,0,"SS"
"1842",1916,0,"SS"
"1843",1917,0,"SS"
"1844",1918,0,"SS"
"1845",1919,0,"SS"
"1846",1920,0,"SS"
"1847",1921,0,"SS"
"1848",1922,0,"SS"
"1849",1923,0,"SS"
"1850",1924,3,"SS"
"1851",1925,2,"SS"
"1852",1926,2,"SS"
"1853",1927,2,"SS"
"1854",1928,2,"SS"
"1855",1929,4,"SS"
"1856",1930,1,"SS"
"1857",1931,1,"SS"
"1858",1932,0,"SS"
"1859",1933,2,"SS"
"1860",1934,2,"SS"
"1861",1935,0,"SS"
"1862",1936,0,"SS"
"1863",1937,1,"SS"
"1864",1938,2,"SS"
"1865",1939,1,"SS"
"1866",1940,1,"SS"
"1867",1941,0,"SS"
"1868",1942,1,"SS"
"1869",1943,0,"SS"
"1870",1944,3,"SS"
"1871",1945,3,"SS"
"1872",1946,3,"SS"
"1873",1947,1,"SS"
"1874",1948,3,"SS"
"1875",1949,6,"SS"
"1876",1950,0,"SS"
"1877",1951,0,"SS"
"1878",1952,2,"SS"
"1879",1953,2,"SS"
"1880",1954,0,"SS"
"1881",1955,1,"SS"
"1882",1956,8,"SS"
"1883",1957,4,"SS"
"1884",1958,3,"SS"
"1885",1959,7,"SS"
"1886",1960,3,"SS"
"1887",1961,5,"SS"
"1888",1962,6,"SS"
"1889",1963,4,"SS"
"1890",1964,8,"SS"
"1891",1965,6,"SS"
"1892",1966,12,"SS"
"1893",1967,14,"SS"
"1894",1968,7,"SS"
"1895",1969,13,"SS"
"1896",1970,8,"SS"
"1897",1971,10,"SS"
"1898",1972,15,"SS"
"1899",1973,10,"SS"
"1900",1974,14,"SS"
"1901",1975,14,"SS"
"1902",1976,8,"SS"
"1903",1977,13,"SS"
"1904",1978,7,"SS"
"1905",1979,13,"SS"
"1906",1980,3,"SS"
"1907",1981,7,"SS"
"1908",1982,7,"SS"
"1909",1983,10,"SS"
"1910",1984,11,"SS"
"1911",1985,8,"SS"
"1912",1986,6,"SS"
"1913",1987,10,"SS"
"1914",1988,9,"SS"
"1915",1989,7,"SS"
"1916",1990,4,"SS"
"1917",1991,5,"SS"
"1918",1992,0,"SS"
"1919",1993,0,"SS"
"1920",1994,0,"SS"
"1921",1995,0,"SS"
"1922",1996,0,"SS"
"1923",1997,0,"SS"
"1924",1998,0,"SS"
"1925",1999,0,"SS"
"1926",2000,0,"SS"
"1927",2001,0,"SS"
"1928",2002,0,"SS"
"1929",2003,0,"SS"
"1930",2004,0,"SS"
"1931",2005,0,"SS"
"1932",2006,0,"SS"
"1933",2007,0,"SS"
"1934",2008,0,"SS"
"1935",2009,0,"SS"
"1936",2010,0,"SS"
"1937",2011,0,"SS"
"1938",2012,0,"SS"
"1939",1911,1,"UK"
"1940",1912,0,"UK"
"1941",1913,0,"UK"
"1942",1914,0,"UK"
"1943",1915,0,"UK"
"1944",1916,0,"UK"
"1945",1917,0,"UK"
"1946",1918,0,"UK"
"1947",1919,0,"UK"
"1948",1920,0,"UK"
"1949",1921,0,"UK"
"1950",1922,0,"UK"
"1951",1923,0,"UK"
"1952",1924,0,"UK"
"1953",1925,1,"UK"
"1954",1926,0,"UK"
"1955",1927,3,"UK"
"1956",1928,3,"UK"
"1957",1929,2,"UK"
"1958",1930,3,"UK"
"1959",1931,2,"UK"
"1960",1932,1,"UK"
"1961",1933,1,"UK"
"1962",1934,3,"UK"
"1963",1935,2,"UK"
"1964",1936,5,"UK"
"1965",1937,2,"UK"
"1966",1938,2,"UK"
"1967",1939,4,"UK"
"1968",1940,1,"UK"
"1969",1941,0,"UK"
"1970",1942,2,"UK"
"1971",1943,2,"UK"
"1972",1944,3,"UK"
"1973",1945,6,"UK"
"1974",1946,3,"UK"
"1975",1947,2,"UK"
"1976",1948,5,"UK"
"1977",1949,4,"UK"
"1978",1950,4,"UK"
"1979",1951,6,"UK"
"1980",1952,3,"UK"
"1981",1953,6,"UK"
"1982",1954,5,"UK"
"1983",1955,8,"UK"
"1984",1956,4,"UK"
"1985",1957,15,"UK"
"1986",1958,10,"UK"
"1987",1959,11,"UK"
"1988",1960,15,"UK"
"1989",1961,9,"UK"
"1990",1962,12,"UK"
"1991",1963,21,"UK"
"1992",1964,20,"UK"
"1993",1965,30,"UK"
"1994",1966,30,"UK"
"1995",1967,22,"UK"
"1996",1968,27,"UK"
"1997",1969,26,"UK"
"1998",1970,26,"UK"
"1999",1971,31,"UK"
"2000",1972,27,"UK"
"2001",1973,23,"UK"
"2002",1974,20,"UK"
"2003",1975,20,"UK"
"2004",1976,15,"UK"
"2005",1977,13,"UK"
"2006",1978,21,"UK"
"2007",1979,28,"UK"
"2008",1980,20,"UK"
"2009",1981,18,"UK"
"2010",1982,16,"UK"
"2011",1983,22,"UK"
"2012",1984,25,"UK"
"2013",1985,22,"UK"
"2014",1986,26,"UK"
"2015",1987,21,"UK"
"2016",1988,24,"UK"
"2017",1989,23,"UK"
"2018",1990,31,"UK"
"2019",1991,29,"UK"
"2020",1992,28,"UK"
"2021",1993,29,"UK"
"2022",1994,37,"UK"
"2023",1995,45,"UK"
"2024",1996,38,"UK"
"2025",1997,45,"UK"
"2026",1998,56,"UK"
"2027",1999,40,"UK"
"2028",2000,49,"UK"
"2029",2001,40,"UK"
"2030",2002,43,"UK"
"2031",2003,39,"UK"
"2032",2004,45,"UK"
"2033",2005,41,"UK"
"2034",2006,43,"UK"
"2035",2007,39,"UK"
"2036",2008,37,"UK"
"2037",2009,47,"UK"
"2038",2010,37,"UK"
"2039",2011,34,"UK"
"2040",2012,39,"UK"
"2041",1911,0,"US"
"2042",1912,0,"US"
"2043",1913,0,"US"
"2044",1914,1,"US"
"2045",1915,1,"US"
"2046",1916,3,"US"
"2047",1917,0,"US"
"2048",1918,0,"US"
"2049",1919,2,"US"
"2050",1920,5,"US"
"2051",1921,7,"US"
"2052",1922,4,"US"
"2053",1923,6,"US"
"2054",1924,5,"US"
"2055",1925,9,"US"
"2056",1926,4,"US"
"2057",1927,13,"US"
"2058",1928,10,"US"
"2059",1929,5,"US"
"2060",1930,8,"US"
"2061",1931,15,"US"
"2062",1932,22,"US"
"2063",1933,22,"US"
"2064",1934,15,"US"
"2065",1935,16,"US"
"2066",1936,29,"US"
"2067",1937,20,"US"
"2068",1938,14,"US"
"2069",1939,34,"US"
"2070",1940,37,"US"
"2071",1941,33,"US"
"2072",1942,33,"US"
"2073",1943,33,"US"
"2074",1944,34,"US"
"2075",1945,34,"US"
"2076",1946,29,"US"
"2077",1947,30,"US"
"2078",1948,36,"US"
"2079",1949,34,"US"
"2080",1950,34,"US"
"2081",1951,33,"US"
"2082",1952,33,"US"
"2083",1953,47,"US"
"2084",1954,49,"US"
"2085",1955,52,"US"
"2086",1956,50,"US"
"2087",1957,55,"US"
"2088",1958,49,"US"
"2089",1959,56,"US"
"2090",1960,39,"US"
"2091",1961,37,"US"
"2092",1962,43,"US"
"2093",1963,46,"US"
"2094",1964,49,"US"
"2095",1965,41,"US"
"2096",1966,57,"US"
"2097",1967,58,"US"
"2098",1968,70,"US"
"2099",1969,61,"US"
"2100",1970,76,"US"
"2101",1971,72,"US"
"2102",1972,71,"US"
"2103",1973,88,"US"
"2104",1974,67,"US"
"2105",1975,62,"US"
"2106",1976,80,"US"
"2107",1977,87,"US"
"2108",1978,84,"US"
"2109",1979,80,"US"
"2110",1980,104,"US"
"2111",1981,114,"US"
"2112",1982,110,"US"
"2113",1983,118,"US"
"2114",1984,134,"US"
"2115",1985,146,"US"
"2116",1986,157,"US"
"2117",1987,171,"US"
"2118",1988,177,"US"
"2119",1989,179,"US"
"2120",1990,185,"US"
"2121",1991,198,"US"
"2122",1992,198,"US"
"2123",1993,178,"US"
"2124",1994,180,"US"
"2125",1995,194,"US"
"2126",1996,165,"US"
"2127",1997,171,"US"
"2128",1998,162,"US"
"2129",1999,144,"US"
"2130",2000,119,"US"
"2131",2001,121,"US"
"2132",2002,121,"US"
"2133",2003,97,"US"
"2134",2004,103,"US"
"2135",2005,106,"US"
"2136",2006,118,"US"
"2137",2007,118,"US"
"2138",2008,110,"US"
"2139",2009,106,"US"
"2140",2010,96,"US"
"2141",2011,109,"US"
"2142",2012,105,"US"
